Haplotype	Ancestral Haplotype	Derived Haplotype	Population1	Ancestral Haplotype Count	Derived Haplotype Count	Population2	Ancestral Haplotype Count	Derived Haplotype Count	Selection Difference (Population1 - Population2)	Std(Selection Difference)	Divergence Time	log(Odds Ratio)	Var(log(Odds Ratio))	Population Variance	Delta	p-value
rs12913832,rs1800407	AC	AT	YRI	294	0	CEU	35	12	-0.001474	4.04E-4	3600	-5.306286	2.115306	1.549555	7.682875	0.005575
rs12913832,rs1800407	AC	GC	YRI	294	0	CEU	35	172	-0.002214	3.97E-4	3600	-7.968873	2.037787	1.549555	17.701952	2.6E-5
rs12913832,rs1800407	AC	GT	YRI	294	0	CEU	35	5	-0.001231	4.15E-4	3600	-4.430817	2.231973	1.549555	5.19159	0.022696
rs12913832,rs1800407	AC	AT	YRI	294	0	CHS	487	4	-4.7E-4	4.15E-4	3600	-1.69254	2.227677	1.638969	0.740873	0.389381
rs12913832,rs1800407	AC	GC	YRI	294	0	CHS	487	1	-1.65E-4	4.54E-4	3600	-0.593928	2.672121	1.638969	0.081824	0.774841
rs12913832,rs1800407	AC	GT	YRI	294	0	CHS	487	0	1.4E-4	5.56E-4	3600	0.504684	4.005455	1.638969	0.045125	0.831774
rs12913832,rs1800407	AC	AT	CEU	35	12	CHS	487	4	0.001807	2.9E-4	2000	3.613745	0.33618	0.988059	9.861625	0.001688
rs12913832,rs1800407	AC	GC	CEU	35	172	CHS	487	1	0.003687	4.19E-4	2000	7.374945	0.703105	0.988059	32.16116	0.0
rs12913832,rs1800407	AC	GT	CEU	35	5	CHS	487	0	0.002468	7.47E-4	2000	4.935501	2.230625	0.988059	7.568053	0.005941
