SNP Id	Ancestral Allele	Derived Allele	Population1	Ancestral Allele Count	Derived Allele Count	Population2	Ancestral Allele Count	Derived Allele Count	Selection Difference (Population1 - Population2)	Std(Selection Difference)	Divergence Time	log(Odds Ratio)	Var(log(Odds Ratio))	Population Variance	Delta	p-value
rs1800407	C	T	YRI	290	0	CEU	207	17	-0.001073	3.99E-4	3600	-3.863523	2.067103	1.549555	4.127239	0.042198
rs12913832	A	G	YRI	294	0	CEU	47	177	-0.00214	3.96E-4	3600	-7.702729	2.030328	1.549555	16.57374	4.7E-5
rs1800407	C	T	YRI	290	0	CHS	486	4	-4.67E-4	4.15E-4	3600	-1.680897	2.227728	1.638969	0.730705	0.392655
rs12913832	A	G	YRI	294	0	CHS	491	1	-1.63E-4	4.54E-4	3600	-0.585748	2.672105	1.638969	0.079586	0.777859
rs1800407	C	T	YRI	290	0	ASW(YRI)	1000	0	6.19E-4	0.001001	2000	1.237874	4.004448	0.018471	0.380901	0.537122
rs12913832	A	G	YRI	294	0	ASW(YRI)	1000	0	6.12E-4	0.001001	2000	1.224176	4.004401	0.018471	0.372521	0.541633
rs1800407	C	T	YRI	290	0	ASW(CEU)	1000	0	3.44E-4	5.56E-4	3600	1.237874	4.004448	0.475571	0.342037	0.558656
rs12913832	A	G	YRI	294	0	ASW(CEU)	266	734	-0.002053	3.94E-4	3600	-7.39174	2.008523	0.475571	21.995066	3.0E-6
rs1800407	C	T	CEU	207	17	CHS	486	4	0.001091	2.68E-4	2000	2.182626	0.287934	0.988059	3.733448	0.053333
rs12913832	A	G	CEU	47	177	CHS	491	1	0.003558	4.17E-4	2000	7.116981	0.69563	0.988059	30.083597	0.0
rs1800407	C	T	CEU	207	17	ASW(YRI)	1000	0	0.001417	3.99E-4	3600	5.101397	2.064654	1.54255	7.214521	0.007232
rs12913832	A	G	CEU	47	177	ASW(YRI)	1000	0	0.00248	3.96E-4	3600	8.926905	2.027926	1.54255	22.319046	2.0E-6
rs1800407	C	T	CEU	207	17	ASW(CEU)	1000	0	0.002551	7.18E-4	2000	5.101397	2.064654	-0.59658	17.726789	2.6E-5
rs12913832	A	G	CEU	47	177	ASW(CEU)	266	734	1.55E-4	9.0E-5	2000	0.310989	0.032048	-0.59658	-0.171318	1.0
rs1800407	C	T	CHS	486	4	ASW(YRI)	1000	0	8.11E-4	4.14E-4	3600	2.918771	2.22528	1.614042	2.21894	0.136327
rs12913832	A	G	CHS	491	1	ASW(YRI)	1000	0	5.03E-4	4.54E-4	3600	1.809923	2.669703	1.614042	0.76471	0.381859
rs1800407	C	T	CHS	486	4	ASW(CEU)	1000	0	0.001459	7.46E-4	2000	2.918771	2.22528	-0.191172	4.188188	0.040707
rs12913832	A	G	CHS	491	1	ASW(CEU)	266	734	-0.003403	4.1E-4	2000	-6.805992	0.673825	-0.191172	95.972744	0.0
rs1800407	C	T	ASW(YRI)	1000	0	ASW(CEU)	1000	0	0.0	5.56E-4	3600	0.0	4.002	-0.023379	0.0	1.0
rs12913832	A	G	ASW(YRI)	1000	0	ASW(CEU)	266	734	-0.002393	3.93E-4	3600	-8.615915	2.006122	-0.023379	37.44005	0.0
