SNP Id	Ancestral Allele	Derived Allele	Population1	Ancestral Allele Count	Derived Allele Count	Population2	Ancestral Allele Count	Derived Allele Count	Selection Difference (Population1 - Population2)	Std(Selection Difference)	Divergence Time	log(Odds Ratio)	Var(log(Odds Ratio))	Population Variance	Delta	p-value
rs1800407	C	T	YRI	290	0	CEU	207	17	-0.001073	3.99E-4	3600	-3.863523	2.067103	1.549555	4.127239	0.042198
rs12913832	A	G	YRI	294	0	CEU	47	177	-0.00214	3.96E-4	3600	-7.702729	2.030328	1.549555	16.57374	4.7E-5
rs1800407	C	T	YRI	290	0	CHS	486	4	-4.67E-4	4.15E-4	3600	-1.680897	2.227728	1.638969	0.730705	0.392655
rs12913832	A	G	YRI	294	0	CHS	491	1	-1.63E-4	4.54E-4	3600	-0.585748	2.672105	1.638969	0.079586	0.777859
rs1800407	C	T	CEU	207	17	CHS	486	4	0.001091	2.68E-4	2000	2.182626	0.287934	0.988059	3.733448	0.053333
rs12913832	A	G	CEU	47	177	CHS	491	1	0.003558	4.17E-4	2000	7.116981	0.69563	0.988059	30.083597	0.0
